timestamp,http_code,seconds
2026-09-26T19:19:38Z,200,0.294550
2026-09-26T19:19:47Z,200,0.251942
2026-09-26T19:19:53Z,200,0.259135
2026-09-26T19:20:00Z,200,0.265478
2026-09-26T19:20:06Z,200,0.253769
2026-09-26T19:20:11Z,200,0.257684
2026-09-26T19:20:18Z,200,0.256383
2026-09-26T19:20:24Z,200,0.259207
2026-09-26T19:20:29Z,200,0.264298
2026-09-26T19:20:37Z,200,0.252188
2026-09-26T19:20:42Z,200,0.260566
2026-09-26T19:20:47Z,200,0.258433
2026-09-26T19:20:55Z,200,0.266950
2026-09-26T19:21:00Z,200,0.265335
2026-09-26T19:21:05Z,200,0.266432
2026-09-26T19:21:13Z,200,0.254586
2026-09-26T19:21:18Z,200,0.261057
2026-09-26T19:21:24Z,200,0.280386
2026-09-26T19:21:31Z,200,0.264213
2026-09-26T19:21:37Z,200,0.271267
2026-09-26T19:21:42Z,200,0.261136
2026-09-26T19:21:49Z,200,0.263339
2026-09-26T19:21:55Z,200,0.260995
2026-09-26T19:22:00Z,200,0.254460
2026-09-26T19:22:08Z,200,0.263041
2026-09-26T19:22:13Z,200,0.258331
2026-09-26T19:22:18Z,200,0.262871
2026-09-26T19:22:26Z,200,0.256303
2026-09-26T19:22:31Z,200,0.253388
2026-09-26T19:22:36Z,200,0.259395
2026-09-26T19:22:44Z,200,0.464074
2026-09-26T19:22:49Z,200,0.264449
2026-09-26T19:22:55Z,200,0.264109
2026-09-26T19:23:02Z,200,0.265546
2026-09-26T19:23:08Z,200,0.266635
2026-09-26T19:23:13Z,200,0.265909
2026-09-26T19:23:20Z,200,0.258812
2026-09-26T19:23:26Z,200,0.254162
2026-09-26T19:23:31Z,200,0.259910
2026-09-26T19:23:39Z,200,0.265771
2026-09-26T19:23:44Z,200,0.262720
2026-09-26T19:23:49Z,200,0.260291
2026-09-26T19:23:57Z,200,0.267107
2026-09-26T19:24:02Z,200,0.267736
2026-09-26T19:24:07Z,200,0.264571
2026-09-26T19:24:15Z,200,0.257334
2026-09-26T19:24:20Z,200,0.266818
2026-09-26T19:24:25Z,200,0.252232
2026-09-26T19:24:33Z,200,0.260664
2026-09-26T19:24:38Z,200,0.252511
2026-09-26T19:24:44Z,200,0.265766
2026-09-26T19:24:51Z,200,0.253671
2026-09-26T19:24:56Z,200,0.272215
2026-09-26T19:25:02Z,200,0.275924
2026-09-26T19:25:09Z,200,0.253609
2026-09-26T19:25:15Z,200,0.261190
2026-09-26T19:25:20Z,200,0.261428
2026-09-26T19:25:27Z,200,0.257996
2026-09-26T19:25:33Z,200,0.258317
2026-09-26T19:25:38Z,200,0.255878
2026-09-26T19:25:46Z,200,0.264524
2026-09-26T19:25:51Z,200,0.255971
2026-09-26T19:25:56Z,200,0.256365
2026-09-26T19:26:04Z,200,0.258468
2026-09-26T19:26:09Z,200,0.260893
2026-09-26T19:26:14Z,200,0.260357
2026-09-26T19:26:22Z,200,0.256958
2026-09-26T19:26:27Z,200,0.258231
2026-09-26T19:26:32Z,200,0.260711
2026-09-26T19:26:40Z,200,0.253468
2026-09-26T19:26:45Z,200,0.264293
2026-09-26T19:26:51Z,200,0.261136
2026-09-26T19:26:58Z,200,0.255606
2026-09-26T19:27:03Z,200,0.263620
2026-09-26T19:27:09Z,200,0.258682
2026-09-26T19:27:16Z,200,0.255958
2026-09-26T19:27:22Z,200,0.254609
2026-09-26T19:27:27Z,200,0.257666
2026-09-26T19:27:34Z,200,0.256571
2026-09-26T19:27:40Z,200,0.263920
2026-09-26T19:27:45Z,200,0.257473
2026-09-26T19:27:53Z,200,0.263843
2026-09-26T19:27:58Z,200,0.269188
2026-09-26T19:28:03Z,200,0.257134
2026-09-26T19:28:11Z,200,0.254008
2026-09-26T19:28:16Z,200,0.256153
2026-09-26T19:28:21Z,200,0.262970
2026-09-26T19:28:29Z,200,0.252528
2026-09-26T19:28:34Z,200,0.256551
2026-09-26T19:28:39Z,200,0.254983
2026-09-26T19:28:46Z,200,0.263294
2026-09-26T19:28:51Z,200,0.256581
2026-09-26T19:28:56Z,200,0.254820
2026-09-26T19:29:04Z,200,0.269360
2026-09-26T19:29:09Z,200,0.263730
2026-09-26T19:29:15Z,200,0.253721
2026-09-26T19:29:23Z,200,0.267761
2026-09-26T19:29:28Z,200,0.253125
2026-09-26T19:29:33Z,200,0.259160
2026-09-26T19:29:41Z,200,0.259033
2026-09-26T19:29:46Z,200,0.263813
2026-09-26T19:29:51Z,200,0.254430
2026-09-26T19:29:59Z,200,0.258619
2026-09-26T19:30:04Z,200,0.257475
2026-09-26T19:30:09Z,200,0.251921
2026-09-26T19:30:17Z,200,0.254405
2026-09-26T19:30:22Z,200,0.274161
2026-09-26T19:30:27Z,200,0.253477
2026-09-26T19:30:35Z,200,0.263638
2026-09-26T19:30:40Z,200,0.256794
2026-09-26T19:30:46Z,200,0.261525
2026-09-26T19:30:53Z,200,0.261636
2026-09-26T19:30:58Z,200,0.251244
2026-09-26T19:31:04Z,200,0.261571
2026-09-26T19:31:11Z,200,0.259525
2026-09-26T19:31:17Z,200,0.270337
2026-09-26T19:31:22Z,200,0.257024
2026-09-26T19:31:29Z,200,0.258229
2026-09-26T19:31:35Z,200,0.254126
2026-09-26T19:31:40Z,200,0.255465
2026-09-26T19:31:47Z,200,0.261969
2026-09-26T19:31:53Z,200,0.263302
2026-09-26T19:31:58Z,200,0.256012
2026-09-26T19:32:06Z,200,0.256753
2026-09-26T19:32:11Z,200,0.254102
2026-09-26T19:32:16Z,200,0.260827
2026-09-26T19:32:24Z,200,0.265472
2026-09-26T19:32:29Z,200,0.257493
2026-09-26T19:32:34Z,200,0.258336
2026-09-26T19:32:42Z,200,0.250290
2026-09-26T19:32:47Z,200,0.261893
2026-09-26T19:32:52Z,200,0.261233
2026-09-26T19:33:00Z,200,0.253712
2026-09-26T19:33:05Z,200,0.264166
2026-09-26T19:33:11Z,200,0.262183
2026-09-26T19:33:18Z,200,0.260753
2026-09-26T19:33:23Z,200,0.260611
2026-09-26T19:33:29Z,200,0.263148
2026-09-26T19:33:36Z,200,0.252714
2026-09-26T19:33:41Z,200,0.252668
