timestamp,prod_cpu_pct,test_cpu_pct,load1,test_restarts,disk_free_mb
2026-09-26T19:19:42Z,0.00,6.10,0.16,0,980
2026-09-26T19:19:55Z,0.00,4.19,0.13,0,980
2026-09-26T19:20:13Z,0.02,10.07,0.97,0,979
2026-09-26T19:20:31Z,0.02,5.57,0.76,0,979
2026-09-26T19:20:50Z,0.00,6.82,0.62,0,979
2026-09-26T19:21:08Z,0.00,4.49,0.48,0,979
2026-09-26T19:21:26Z,0.00,7.89,0.35,0,979
2026-09-26T19:21:44Z,0.00,4.34,0.25,0,979
2026-09-26T19:22:02Z,0.02,3.82,0.19,0,979
2026-09-26T19:22:20Z,0.00,4.38,0.20,0,979
2026-09-26T19:22:39Z,0.00,5.40,0.15,0,979
2026-09-26T19:22:57Z,0.00,4.61,0.11,0,979
2026-09-26T19:23:15Z,0.00,6.49,0.08,0,979
2026-09-26T19:23:33Z,0.00,4.32,0.06,0,979
2026-09-26T19:23:51Z,0.04,3.17,0.12,0,979
2026-09-26T19:24:10Z,0.00,3.93,0.24,0,979
2026-09-26T19:24:28Z,0.00,4.07,0.19,0,979
2026-09-26T19:24:46Z,0.00,6.15,0.13,0,979
2026-09-26T19:25:04Z,0.00,5.41,0.10,0,979
2026-09-26T19:25:22Z,0.02,17.34,0.07,0,979
2026-09-26T19:25:40Z,0.14,3.89,0.05,0,979
2026-09-26T19:25:58Z,0.00,6.08,0.33,0,979
2026-09-26T19:26:17Z,0.00,3.48,0.26,0,979
2026-09-26T19:26:35Z,0.00,3.45,0.18,0,979
2026-09-26T19:26:53Z,0.00,2.88,0.14,0,979
2026-09-26T19:27:11Z,0.00,2.93,0.31,0,979
2026-09-26T19:27:29Z,0.00,3.16,0.41,0,979
2026-09-26T19:27:47Z,0.00,4.18,0.32,0,979
2026-09-26T19:28:05Z,0.00,3.22,0.30,0,979
2026-09-26T19:28:24Z,0.00,0.90,0.21,0,979
2026-09-26T19:28:41Z,0.03,3.32,0.24,0,979
2026-09-26T19:28:59Z,0.00,4.77,0.17,0,978
2026-09-26T19:29:17Z,0.01,5.52,0.20,0,978
2026-09-26T19:29:35Z,0.00,3.80,0.14,0,978
2026-09-26T19:29:54Z,0.00,1.56,0.10,0,978
2026-09-26T19:30:12Z,0.00,4.12,0.08,0,978
2026-09-26T19:30:30Z,0.00,2.10,0.06,0,978
2026-09-26T19:30:48Z,0.00,5.27,0.60,0,978
2026-09-26T19:31:06Z,0.00,3.35,0.43,0,978
2026-09-26T19:31:24Z,0.00,4.93,0.31,0,978
2026-09-26T19:31:42Z,0.00,5.04,0.31,0,978
2026-09-26T19:32:00Z,0.02,4.77,0.30,0,978
2026-09-26T19:32:18Z,0.28,3.52,0.21,0,978
2026-09-26T19:32:37Z,0.02,0.03,0.17,0,978
2026-09-26T19:32:55Z,0.00,3.71,0.27,0,978
2026-09-26T19:33:13Z,0.00,2.85,0.21,0,978
2026-09-26T19:33:31Z,0.00,13.93,0.63,0,978
