nivel,consulta,clientes,transacciones,media_ms,p50_ms,p95_ms,p99_ms,max_ms
N0,00_rtt,1,1389,21.5,21.3,22.4,23.6,29.9
N0,00_rtt,5,5362,27.7,28.2,31.5,32.1,43.2
N0,01_projects_list,1,461,64.7,64.6,65.8,66.7,69.0
N0,01_projects_list,5,2712,55.0,57.7,61.3,62.0,65.6
N0,02_project_metrics,1,144,208.1,207.8,210.1,215.7,227.1
N0,02_project_metrics,5,802,186.3,205.8,216.9,218.9,221.8
N0,03_reports_list,1,1016,29.3,29.3,29.9,30.3,31.5
N0,03_reports_list,5,5289,28.1,28.5,31.3,31.8,39.7
N0,04_reports_summary,1,1286,23.2,23.1,23.8,25.0,39.4
N0,04_reports_summary,5,5264,28.3,30.3,31.8,32.3,36.0
N0,05_pos_products_project,1,940,31.7,31.6,32.2,34.0,37.3
N0,05_pos_products_project,5,5681,26.2,27.7,30.1,30.5,33.2
N0,06_pos_products_company,1,1258,23.7,23.7,24.3,24.8,34.4
N0,06_pos_products_company,5,5881,25.3,23.3,31.4,31.8,36.3
N0,07_barcode_in_project,1,984,30.3,30.2,30.8,31.1,32.2
N0,07_barcode_in_project,5,6281,23.7,22.6,29.1,29.5,37.0
N0,08_barcode_company,1,1282,23.3,23.2,24.0,25.0,32.2
N0,08_barcode_company,5,4963,30.0,30.3,31.8,32.3,50.9
N1,00_rtt,1,1045,28.5,28.5,29.1,29.6,30.1
N1,00_rtt,5,5342,27.9,29.4,30.3,30.8,41.5
N1,01_projects_list,1,488,61.1,61.0,61.8,63.3,66.5
N1,01_projects_list,5,3066,48.6,44.9,59.5,60.1,69.9
N1,02_project_metrics,1,135,221.7,221.4,223.2,224.9,278.9
N1,02_project_metrics,5,826,181.1,164.4,227.6,230.5,242.4
N1,03_reports_list,1,864,34.5,34.2,35.3,37.0,96.1
N1,03_reports_list,5,4790,31.1,31.2,34.6,36.5,121.9
N1,04_reports_summary,1,1111,26.9,26.6,27.8,31.6,68.2
N1,04_reports_summary,5,4736,31.5,32.8,36.0,37.8,109.1
N1,05_pos_products_project,1,503,59.3,58.0,62.0,78.1,281.2
N1,05_pos_products_project,5,1810,82.4,81.6,104.2,119.8,293.9
N1,06_pos_products_company,1,750,39.7,36.4,61.0,64.1,282.4
N1,06_pos_products_company,5,3542,42.1,39.8,56.7,80.8,247.7
N1,07_barcode_in_project,1,1036,28.8,28.6,29.6,30.5,35.1
N1,07_barcode_in_project,5,5333,27.9,27.2,32.1,32.7,7478.2
N1,08_barcode_company,1,940,31.7,31.6,32.2,32.9,35.0
N1,08_barcode_company,5,5907,25.2,24.1,30.7,31.0,36.9
N2,00_rtt,1,987,30.2,30.1,30.7,31.1,57.3
N2,00_rtt,5,6010,24.8,22.7,29.7,30.2,35.0
N2,01_projects_list,1,469,63.6,63.4,64.6,66.1,169.2
N2,01_projects_list,5,3320,44.9,43.3,56.6,57.6,81.7
N2,02_project_metrics,1,109,275.3,267.7,273.5,277.5,1030.6
N2,02_project_metrics,5,522,286.2,292.1,324.7,348.8,406.3
N2,03_reports_list,1,667,44.7,43.8,46.5,54.0,269.9
N2,03_reports_list,5,3071,48.5,47.1,61.2,74.7,335.4
N2,04_reports_summary,1,595,50.1,49.3,51.2,52.6,441.1
N2,04_reports_summary,5,2579,57.8,56.9,70.9,75.2,87.9
N2,05_pos_products_project,1,145,206.6,195.0,207.2,444.1,1367.5
N2,05_pos_products_project,5,310,485.4,483.2,600.0,745.1,1113.9
N2,06_pos_products_company,1,277,107.8,105.4,114.3,136.9,1841.5
N2,06_pos_products_company,5,683,218.5,206.5,341.0,461.5,856.7
N2,07_barcode_in_project,1,1038,28.7,28.6,29.3,30.4,71.8
N2,07_barcode_in_project,5,5942,25.1,23.6,31.0,31.5,244.3
N2,08_barcode_company,1,980,30.4,30.3,30.9,31.7,32.7
N2,08_barcode_company,5,5538,26.9,29.2,31.7,32.1,40.3
N3,00_rtt,1,934,31.9,31.8,32.6,33.6,41.8
N3,00_rtt,5,6038,24.7,23.0,30.0,30.3,33.2
N3,01_projects_list,1,491,60.8,60.7,61.6,62.5,71.2
N3,01_projects_list,5,2796,53.3,59.6,62.5,63.1,72.1
N3,02_project_metrics,1,79,381.3,363.9,370.5,1694.8,1694.8
N3,02_project_metrics,5,364,412.8,406.7,497.0,552.4,558.3
N3,03_reports_list,1,550,54.2,52.2,55.0,73.0,730.5
N3,03_reports_list,5,1678,88.9,83.4,124.9,157.0,606.0
N3,04_reports_summary,1,538,55.5,50.7,70.9,120.0,779.6
N3,04_reports_summary,5,1275,116.8,112.8,152.3,165.1,204.5
N3,05_pos_products_project,1,71,420.2,386.9,457.2,2188.0,2188.0
N3,05_pos_products_project,5,106,1446.8,1079.9,3043.2,3823.6,3875.2
N3,06_pos_products_company,1,168,177.5,159.3,208.1,304.7,1976.8
N3,06_pos_products_company,5,315,475.5,465.6,628.3,919.7,1342.2
N3,07_barcode_in_project,1,991,30.1,29.9,30.6,32.2,62.5
N3,07_barcode_in_project,5,5309,28.0,29.4,31.8,32.4,50.5
N3,08_barcode_company,1,1298,23.0,22.8,23.9,25.0,76.7
N3,08_barcode_company,5,5767,25.8,23.4,32.2,32.7,37.3
